{"cameraMode":{"drawMode":0,"name":"Shaded","section":"Shading Mode"},"sceneLighting":true,"audioPlay":false,"sceneViewState":{"m_AlwaysRefresh":false,"showFog":true,"showSkybox":true,"showFlares":true,"showImageEffects":true,"showParticleSystems":true,"showVisualEffectGraphs":true,"m_FxEnabled":true},"in2DMode":false,"pivot":{"x":-7.387763023376465,"y":-11.77885913848877,"z":22.086763381958009},"rotation":{"x":-0.30417439341545107,"y":-0.03657202422618866,"z":0.011685925535857678,"w":-0.9518377780914307},"size":17.80013656616211,"orthographic":false}